short_desc,unit_desc,class_desc,prodn_practice_desc,n,crop
"PEACHES - PRODUCTION, MEASURED IN TONS",TONS,ALL CLASSES,ALL PRODUCTION PRACTICES,434,PEACHES
"PEACHES, UTILIZED - PRODUCTION, MEASURED IN $",$,ALL CLASSES,ALL PRODUCTION PRACTICES,322,PEACHES
"PEACHES, UTILIZED - PRODUCTION, MEASURED IN TONS",TONS,ALL CLASSES,ALL PRODUCTION PRACTICES,322,PEACHES
"PEACHES, FRESH MARKET - PRODUCTION, MEASURED IN $",$,ALL CLASSES,ALL PRODUCTION PRACTICES,269,PEACHES
"PEACHES, FRESH MARKET - PRODUCTION, MEASURED IN TONS",TONS,ALL CLASSES,ALL PRODUCTION PRACTICES,268,PEACHES
"PEACHES, NOT SOLD - PRODUCTION, MEASURED IN TONS",TONS,ALL CLASSES,ALL PRODUCTION PRACTICES,256,PEACHES
"PEACHES, ORGANIC - PRODUCTION, MEASURED IN TONS",TONS,ALL CLASSES,ORGANIC,249,PEACHES
"PEACHES, PROCESSING - PRODUCTION, MEASURED IN $",$,ALL CLASSES,ALL PRODUCTION PRACTICES,208,PEACHES
"PEACHES, PROCESSING - PRODUCTION, MEASURED IN TONS",TONS,ALL CLASSES,ALL PRODUCTION PRACTICES,204,PEACHES
"PEACHES, NOT HARVESTED - PRODUCTION, MEASURED IN TONS",TONS,ALL CLASSES,ALL PRODUCTION PRACTICES,185,PEACHES
"PEACHES, CLINGSTONE - PRODUCTION, MEASURED IN TONS",TONS,CLINGSTONE,ALL PRODUCTION PRACTICES,38,PEACHES
"PEACHES, FREESTONE - PRODUCTION, MEASURED IN TONS",TONS,FREESTONE,ALL PRODUCTION PRACTICES,38,PEACHES
"PEACHES, FREESTONE, PROCESSING - PRODUCTION, MEASURED IN $",$,FREESTONE,ALL PRODUCTION PRACTICES,20,PEACHES
"PEACHES, CLINGSTONE, PROCESSING - PRODUCTION, MEASURED IN $",$,CLINGSTONE,ALL PRODUCTION PRACTICES,19,PEACHES
"PEACHES, CLINGSTONE, PROCESSING - PRODUCTION, MEASURED IN TONS",TONS,CLINGSTONE,ALL PRODUCTION PRACTICES,19,PEACHES
"PEACHES, CLINGSTONE, UTILIZED - PRODUCTION, MEASURED IN $",$,CLINGSTONE,ALL PRODUCTION PRACTICES,19,PEACHES
"PEACHES, CLINGSTONE, UTILIZED - PRODUCTION, MEASURED IN TONS",TONS,CLINGSTONE,ALL PRODUCTION PRACTICES,19,PEACHES
"PEACHES, FREESTONE, PROCESSING - PRODUCTION, MEASURED IN TONS",TONS,FREESTONE,ALL PRODUCTION PRACTICES,19,PEACHES
"PEACHES, FREESTONE, UTILIZED - PRODUCTION, MEASURED IN $",$,FREESTONE,ALL PRODUCTION PRACTICES,19,PEACHES
"PEACHES, FREESTONE, UTILIZED - PRODUCTION, MEASURED IN TONS",TONS,FREESTONE,ALL PRODUCTION PRACTICES,19,PEACHES
"PEACHES, FREESTONE, FRESH MARKET - PRODUCTION, MEASURED IN TONS",TONS,FREESTONE,ALL PRODUCTION PRACTICES,17,PEACHES
"PEACHES, CLINGSTONE, FRESH MARKET - PRODUCTION, MEASURED IN $",$,CLINGSTONE,ALL PRODUCTION PRACTICES,13,PEACHES
"PEACHES, CLINGSTONE, FRESH MARKET - PRODUCTION, MEASURED IN TONS",TONS,CLINGSTONE,ALL PRODUCTION PRACTICES,13,PEACHES
"PEACHES, CLINGSTONE, NOT SOLD - PRODUCTION, MEASURED IN TONS",TONS,CLINGSTONE,ALL PRODUCTION PRACTICES,13,PEACHES
"PEACHES, FREESTONE, FRESH MARKET - PRODUCTION, MEASURED IN $",$,FREESTONE,ALL PRODUCTION PRACTICES,13,PEACHES
"PEACHES, FREESTONE, NOT SOLD - PRODUCTION, MEASURED IN TONS",TONS,FREESTONE,ALL PRODUCTION PRACTICES,13,PEACHES
"PEACHES, CLINGSTONE, PROCESSING, CANNED - PRODUCTION, MEASURED IN TONS",TONS,CLINGSTONE,ALL PRODUCTION PRACTICES,12,PEACHES
"PEACHES, FREESTONE, PROCESSING, CANNED - PRODUCTION, MEASURED IN TON",TON,FREESTONE,ALL PRODUCTION PRACTICES,9,PEACHES
"PEACHES, FREESTONE, PROCESSING, DRIED - PRODUCTION, MEASURED IN TONS",TONS,FREESTONE,ALL PRODUCTION PRACTICES,9,PEACHES
"PEACHES, FREESTONE, PROCESSING, DRIED - PRODUCTION, MEASURED IN TONS, DRY BASIS","TONS, DRY BASIS",FREESTONE,ALL PRODUCTION PRACTICES,9,PEACHES
"PEACHES, FREESTONE, PROCESSING, FROZEN - PRODUCTION, MEASURED IN TONS",TONS,FREESTONE,ALL PRODUCTION PRACTICES,9,PEACHES
"PEACHES, PROCESSING, FROZEN - PRODUCTION, MEASURED IN TONS",TONS,ALL CLASSES,ALL PRODUCTION PRACTICES,9,PEACHES
"PEACHES, FREESTONE, NOT HARVESTED - PRODUCTION, MEASURED IN TONS",TONS,FREESTONE,ALL PRODUCTION PRACTICES,4,PEACHES
"PEACHES - PRODUCTION, MEASURED IN LB",LB,ALL CLASSES,ALL PRODUCTION PRACTICES,3,PEACHES
"PEACHES, CLINGSTONE, PROCESSING, UTILIZED - PRODUCTION, MEASURED IN PCT",PCT,CLINGSTONE,ALL PRODUCTION PRACTICES,1,PEACHES
"PEACHES, FRESH MARKET, UTILIZED - PRODUCTION, MEASURED IN PCT",PCT,ALL CLASSES,ALL PRODUCTION PRACTICES,1,PEACHES
"BLUEBERRIES, TAME, ORGANIC - PRODUCTION, MEASURED IN LB",LB,TAME,ORGANIC,268,BLUEBERRIES
"BLUEBERRIES, TAME, PROCESSING - PRODUCTION, MEASURED IN $",$,TAME,ALL PRODUCTION PRACTICES,213,BLUEBERRIES
"BLUEBERRIES, TAME, FRESH MARKET - PRODUCTION, MEASURED IN $",$,TAME,ALL PRODUCTION PRACTICES,208,BLUEBERRIES
"BLUEBERRIES, TAME, FRESH MARKET - PRODUCTION, MEASURED IN LB",LB,TAME,ALL PRODUCTION PRACTICES,208,BLUEBERRIES
"BLUEBERRIES, TAME - PRODUCTION, MEASURED IN LB",LB,TAME,ALL PRODUCTION PRACTICES,203,BLUEBERRIES
"BLUEBERRIES, TAME, UTILIZED - PRODUCTION, MEASURED IN $",$,TAME,ALL PRODUCTION PRACTICES,203,BLUEBERRIES
"BLUEBERRIES, TAME, UTILIZED - PRODUCTION, MEASURED IN LB",LB,TAME,ALL PRODUCTION PRACTICES,203,BLUEBERRIES
"BLUEBERRIES, TAME, PROCESSING - PRODUCTION, MEASURED IN LB",LB,TAME,ALL PRODUCTION PRACTICES,187,BLUEBERRIES
"BLUEBERRIES, TAME, NOT SOLD - PRODUCTION, MEASURED IN LB",LB,TAME,ALL PRODUCTION PRACTICES,140,BLUEBERRIES
"BLUEBERRIES, TAME, ORGANIC, FRESH MARKET - PRODUCTION, MEASURED IN LB",LB,TAME,ORGANIC,102,BLUEBERRIES
"BLUEBERRIES, TAME, NOT HARVESTED - PRODUCTION, MEASURED IN LB",LB,TAME,ALL PRODUCTION PRACTICES,78,BLUEBERRIES
"BLUEBERRIES, WILD, ORGANIC - PRODUCTION, MEASURED IN LB",LB,WILD,ORGANIC,47,BLUEBERRIES
"BLUEBERRIES, TAME, ORGANIC, PROCESSING - PRODUCTION, MEASURED IN LB",LB,TAME,ORGANIC,30,BLUEBERRIES
"BLUEBERRIES, WILD - PRODUCTION, MEASURED IN LB",LB,WILD,ALL PRODUCTION PRACTICES,19,BLUEBERRIES
"BLUEBERRIES, WILD, FRESH MARKET - PRODUCTION, MEASURED IN $",$,WILD,ALL PRODUCTION PRACTICES,19,BLUEBERRIES
"BLUEBERRIES, WILD, FRESH MARKET - PRODUCTION, MEASURED IN LB",LB,WILD,ALL PRODUCTION PRACTICES,19,BLUEBERRIES
"BLUEBERRIES, WILD, PROCESSING - PRODUCTION, MEASURED IN $",$,WILD,ALL PRODUCTION PRACTICES,19,BLUEBERRIES
"BLUEBERRIES, WILD, PROCESSING - PRODUCTION, MEASURED IN LB",LB,WILD,ALL PRODUCTION PRACTICES,19,BLUEBERRIES
"BLUEBERRIES, WILD, UTILIZED - PRODUCTION, MEASURED IN $",$,WILD,ALL PRODUCTION PRACTICES,19,BLUEBERRIES
"BLUEBERRIES, WILD, UTILIZED - PRODUCTION, MEASURED IN LB",LB,WILD,ALL PRODUCTION PRACTICES,19,BLUEBERRIES
"BLUEBERRIES, TAME - PRODUCTION, MEASURED IN TONS",TONS,TAME,ALL PRODUCTION PRACTICES,17,BLUEBERRIES
"BLUEBERRIES, TAME, UTILIZED - PRODUCTION, MEASURED IN TONS",TONS,TAME,ALL PRODUCTION PRACTICES,17,BLUEBERRIES
"BLUEBERRIES, WILD, NOT SOLD - PRODUCTION, MEASURED IN LB",LB,WILD,ALL PRODUCTION PRACTICES,13,BLUEBERRIES
"BLUEBERRIES, WILD - PRODUCTION, MEASURED IN TONS",TONS,WILD,ALL PRODUCTION PRACTICES,3,BLUEBERRIES
"BLUEBERRIES, WILD, NOT HARVESTED - PRODUCTION, MEASURED IN LB",LB,WILD,ALL PRODUCTION PRACTICES,3,BLUEBERRIES
"BLUEBERRIES, WILD, UTILIZED - PRODUCTION, MEASURED IN TONS",TONS,WILD,ALL PRODUCTION PRACTICES,3,BLUEBERRIES
